"site","hill_abund_0","hill_abund_1","hill_abund_2","hill_abund_3"
"BI_01",13,4.00178939577169,2.82402909879583,2.43238397357219
"MA_01",17,13.7460570945453,11.9582894862719,10.8221280259854
"KA_01",13,5.94987513343191,4.0126800690181,3.32034808832254
